{
  "PART_TYPE": 1.0,
  "PartNm": 0.8509789567268752,
  "ITEM_SUFFIX": 0.3743691817234358,
  "ITEM_SPEC": 0.8697377579802321,
  "ADDITIONAL_SPEC": 0.8583001762916376,
  "ITEM_MATERIAL": 0.9527159730469162,
  "MATERIAL_DESC": 0.7954029773632593,
  "ITEM_ACCT": 0.7823912095621719,
  "ITEM_TYPE": 0.6376301620624183,
  "ITEM_UNIT": 0.6870281119024996,
  "ITEM_GRP1": 0.7754401492103404,
  "ITEM_GRP1NM": 0.7955680658240206,
  "STANDARD_YN": 0.26944510160649005,
  "GROUP1": 0.8409638745175283,
  "GROUP2": 0.851353798212991,
  "GROUP3": 0.01612886226726204,
  "DRAW_NO": 0.8677171505629854,
  "DRAW_REV": 0.6110530837691766,
  "DRAW_SHEET_NO": 0.36543607815485485,
  "OUTDIAMETER": 0.6126337673511335,
  "INDIAMETER": 0.5565650324162194,
  "OUTTHICKNESS": 0.4093523776972863,
  "OUTDIAMETER_UNIT": 0.6998240907251015,
  "ROTATE_CLOCKWISE": -0.01206207401442534,
  "SealTypeGrup": 0.5646183407622568,
  "IN_SEALTYPE_CD": 0.8621444484155748,
  "IN_SEALSIZE": 0.533485051597243,
  "IN_SEALSIZE_UOM": 0.7962438843500079,
  "MID_SEALTYPE_CD": 0.4063476860416052,
  "MID_SEALSIZE": 0.036242629330044115,
  "MID_SEALSIZE_UOM": 0.3404442039827917,
  "OUT_SEALTYPE_CD": 0.41573846107871587,
  "OUT_SEALSIZE": 0.18363181501121686,
  "OUT_SEALSIZE_UOM": 0.4800762548310546,
  "RAW_MATL_KIND": 0.585156867683415,
  "RAW_MATL_KINDNM": 0.05876472537908364
}