{
  "PART_TYPE": {
    "variance": 0.03920799121260643,
    "independence": 0.799224860739644,
    "activity_ratio": 1.0,
    "uniformity": 0.20433160557847396,
    "non_zero_count": 324919,
    "unique_values": 288412,
    "domain_weight": 1.0,
    "embedding_dim_index": 0
  },
  "PartNm": {
    "variance": 0.038107119500637054,
    "independence": 0.9176092787658974,
    "activity_ratio": 1.0,
    "uniformity": 0.05827266996348235,
    "non_zero_count": 324919,
    "unique_values": 288899,
    "domain_weight": 0.4,
    "embedding_dim_index": 1
  },
  "ITEM_SUFFIX": {
    "variance": 0.027996830642223358,
    "independence": 0.8260607296997141,
    "activity_ratio": 1.0,
    "uniformity": -2.0604775372570985,
    "non_zero_count": 324919,
    "unique_values": 283905,
    "domain_weight": 0.4,
    "embedding_dim_index": 2
  },
  "ITEM_SPEC": {
    "variance": 0.03698151558637619,
    "independence": 0.8650031391270272,
    "activity_ratio": 1.0,
    "uniformity": 0.28137287967210234,
    "non_zero_count": 324919,
    "unique_values": 288605,
    "domain_weight": 0.4,
    "embedding_dim_index": 3
  },
  "ADDITIONAL_SPEC": {
    "variance": 0.03744123503565788,
    "independence": 0.8637083022591248,
    "activity_ratio": 1.0,
    "uniformity": 0.19946924789677722,
    "non_zero_count": 324919,
    "unique_values": 288765,
    "domain_weight": 0.4,
    "embedding_dim_index": 4
  },
  "ITEM_MATERIAL": {
    "variance": 0.03835366666316986,
    "independence": 0.7836426517144537,
    "activity_ratio": 1.0,
    "uniformity": -0.0035226832264056984,
    "non_zero_count": 324919,
    "unique_values": 288331,
    "domain_weight": 1.0,
    "embedding_dim_index": 5
  },
  "MATERIAL_DESC": {
    "variance": 0.039111703634262085,
    "independence": 0.7938199172665059,
    "activity_ratio": 1.0,
    "uniformity": -0.13078679742469523,
    "non_zero_count": 324919,
    "unique_values": 288006,
    "domain_weight": 0.4,
    "embedding_dim_index": 6
  },
  "ITEM_ACCT": {
    "variance": 0.037837591022253036,
    "independence": 0.7723038981204852,
    "activity_ratio": 1.0,
    "uniformity": -0.1208471802142157,
    "non_zero_count": 324919,
    "unique_values": 287345,
    "domain_weight": 0.4,
    "embedding_dim_index": 7
  },
  "ITEM_TYPE": {
    "variance": 0.03479253128170967,
    "independence": 0.9067558766553421,
    "activity_ratio": 1.0,
    "uniformity": -1.7818153185662777,
    "non_zero_count": 324919,
    "unique_values": 286957,
    "domain_weight": 1.0,
    "embedding_dim_index": 8
  },
  "ITEM_UNIT": {
    "variance": 0.035587377846241,
    "independence": 0.7158825834800701,
    "activity_ratio": 1.0,
    "uniformity": -0.48431377782916174,
    "non_zero_count": 324919,
    "unique_values": 285713,
    "domain_weight": 0.4,
    "embedding_dim_index": 9
  },
  "ITEM_GRP1": {
    "variance": 0.036710746586322784,
    "independence": 0.8913490059480597,
    "activity_ratio": 1.0,
    "uniformity": -0.5372892420319955,
    "non_zero_count": 324919,
    "unique_values": 288773,
    "domain_weight": 0.6,
    "embedding_dim_index": 10
  },
  "ITEM_GRP1NM": {
    "variance": 0.03700641915202141,
    "independence": 0.8407645683742804,
    "activity_ratio": 1.0,
    "uniformity": -0.10296249759714637,
    "non_zero_count": 324919,
    "unique_values": 288665,
    "domain_weight": 0.4,
    "embedding_dim_index": 11
  },
  "STANDARD_YN": {
    "variance": 0.028333166614174843,
    "independence": 0.9311108662192282,
    "activity_ratio": 1.0,
    "uniformity": -2.8027623192957978,
    "non_zero_count": 324919,
    "unique_values": 283912,
    "domain_weight": 0.4,
    "embedding_dim_index": 12
  },
  "GROUP1": {
    "variance": 0.036048706620931625,
    "independence": 0.8399759478536325,
    "activity_ratio": 1.0,
    "uniformity": -0.07350068092133455,
    "non_zero_count": 324919,
    "unique_values": 288523,
    "domain_weight": 0.6,
    "embedding_dim_index": 13
  },
  "GROUP2": {
    "variance": 0.036735109984874725,
    "independence": 0.7929488723198117,
    "activity_ratio": 1.0,
    "uniformity": 0.018242060676747718,
    "non_zero_count": 324919,
    "unique_values": 288458,
    "domain_weight": 0.6,
    "embedding_dim_index": 14
  },
  "GROUP3": {
    "variance": 0.006470757070928812,
    "independence": 0.948605868661744,
    "activity_ratio": 1.0,
    "uniformity": -3.3161607543051517,
    "non_zero_count": 324919,
    "unique_values": 282809,
    "domain_weight": 0.4,
    "embedding_dim_index": 15
  },
  "DRAW_NO": {
    "variance": 0.036238256841897964,
    "independence": 0.8860398221962661,
    "activity_ratio": 1.0,
    "uniformity": 0.2735965923195476,
    "non_zero_count": 324919,
    "unique_values": 289305,
    "domain_weight": 0.4,
    "embedding_dim_index": 16
  },
  "DRAW_REV": {
    "variance": 0.03069026954472065,
    "independence": 0.9041715206108881,
    "activity_ratio": 1.0,
    "uniformity": -0.9529084941883899,
    "non_zero_count": 324919,
    "unique_values": 287072,
    "domain_weight": 0.4,
    "embedding_dim_index": 17
  },
  "DRAW_SHEET_NO": {
    "variance": 0.017343934625387192,
    "independence": 0.9141534460405438,
    "activity_ratio": 1.0,
    "uniformity": -1.7751525079833907,
    "non_zero_count": 324919,
    "unique_values": 286504,
    "domain_weight": 0.4,
    "embedding_dim_index": 18
  },
  "OUTDIAMETER": {
    "variance": 0.026872433722019196,
    "independence": 0.7695545894251611,
    "activity_ratio": 1.0,
    "uniformity": -1.1356057190699138,
    "non_zero_count": 324919,
    "unique_values": 287386,
    "domain_weight": 0.8,
    "embedding_dim_index": 19
  },
  "INDIAMETER": {
    "variance": 0.022536907345056534,
    "independence": 0.7806793714731055,
    "activity_ratio": 1.0,
    "uniformity": -1.2803125858078,
    "non_zero_count": 324919,
    "unique_values": 287338,
    "domain_weight": 0.8,
    "embedding_dim_index": 20
  },
  "OUTTHICKNESS": {
    "variance": 0.01251827459782362,
    "independence": 0.8091765285375679,
    "activity_ratio": 1.0,
    "uniformity": -1.7173097689968042,
    "non_zero_count": 324919,
    "unique_values": 287186,
    "domain_weight": 0.8,
    "embedding_dim_index": 21
  },
  "OUTDIAMETER_UNIT": {
    "variance": 0.03780439868569374,
    "independence": 0.7622542194903036,
    "activity_ratio": 1.0,
    "uniformity": -0.568684801795819,
    "non_zero_count": 324919,
    "unique_values": 286338,
    "domain_weight": 0.4,
    "embedding_dim_index": 22
  },
  "ROTATE_CLOCKWISE": {
    "variance": 0.0030015013180673122,
    "independence": 0.9615523757784058,
    "activity_ratio": 1.0,
    "uniformity": -3.343912701634805,
    "non_zero_count": 324919,
    "unique_values": 283127,
    "domain_weight": 0.4,
    "embedding_dim_index": 23
  },
  "SealTypeGrup": {
    "variance": 0.035760972648859024,
    "independence": 0.8051899855106374,
    "activity_ratio": 1.0,
    "uniformity": -2.0966679234537415,
    "non_zero_count": 324919,
    "unique_values": 285053,
    "domain_weight": 1.0,
    "embedding_dim_index": 24
  },
  "IN_SEALTYPE_CD": {
    "variance": 0.03507759049534798,
    "independence": 0.8641226383700267,
    "activity_ratio": 1.0,
    "uniformity": -0.21240134970767754,
    "non_zero_count": 324919,
    "unique_values": 288083,
    "domain_weight": 0.8,
    "embedding_dim_index": 25
  },
  "IN_SEALSIZE": {
    "variance": 0.023165127262473106,
    "independence": 0.8998821103420663,
    "activity_ratio": 1.0,
    "uniformity": -1.4619448199451788,
    "non_zero_count": 324919,
    "unique_values": 286470,
    "domain_weight": 0.7,
    "embedding_dim_index": 26
  },
  "IN_SEALSIZE_UOM": {
    "variance": 0.03648218512535095,
    "independence": 0.8116770235418553,
    "activity_ratio": 1.0,
    "uniformity": -0.4381079789511839,
    "non_zero_count": 324919,
    "unique_values": 287237,
    "domain_weight": 0.7,
    "embedding_dim_index": 27
  },
  "MID_SEALTYPE_CD": {
    "variance": 0.021927468478679657,
    "independence": 0.7790237989953251,