{
  "PART_TYPE": 1.0,
  "ITEM_SPEC": 0.4326811467724248,
  "ITEM_GRP1": 0.7554885909986361,
  "ITEM_GRP1NM": 0.6925053463152878,
  "OUTDIAMETER": 0.5586476361391214,
  "INDIAMETER": 0.5586476361391214,
  "OUTTHICKNESS": 0.5586476361391214,
  "IN_SEALSIZE": 0.5271560137974471,
  "MID_SEALSIZE": 0.5271560137974471,
  "OUT_SEALSIZE": 0.5271560137974471
}