{
  "ITEM_CD": 0.2739077067522764,
  "PART_TYPE": 1.0,
  "PartNm": 0.8684795695503577,
  "ITEM_SUFFIX": 0.37696443312289246,
  "ITEM_SPEC": 0.8740813756017635,
  "ITEM_NM": 0.8316757902558987,
  "ADDITIONAL_SPEC": 0.9130361445317914,
  "ITEM_MATERIAL": 0.9571377249315559,
  "MATERIAL_DESC": 0.8124012606078785,
  "ITEM_ACCT": 0.7408855441314133,
  "ITEM_TYPE": 0.6767576909693113,
  "ITEM_UNIT": 0.6521632587841786,
  "ITEM_GRP1": 0.7990432094843787,
  "ITEM_GRP1NM": 0.7605065708429809,
  "STANDARD_YN": 0.2641436554436147,
  "GROUP1": 0.9153265962761217,
  "GROUP2": 0.8462837036993863,
  "GROUP3": 0.08984539936900221,
  "DRAW_NO": 0.7027565489422968,
  "DRAW_REV": 0.7998484098944044,
  "DRAW_SHEET_NO": 0.4558438207505747,
  "DRAW_USE": 0.5792986575822227,
  "ITEM_NM_ENG": 0.4023006339702547,
  "OUTDIAMETER": 0.9266868230670233,
  "INDIAMETER": 0.8298118740071009,
  "OUTTHICKNESS": 0.11069338606896488,
  "OUTDIAMETER_UNIT": 0.4301054563253296,
  "ROTATE_CLOCKWISE": 0.3099655240618732,
  "ROTATE_CTRCLOCKWISE": 0.12267744373851754,
  "SealTypeGrup": 0.25705241408137114,
  "IN_SEALTYPE_CD": 0.32671800194420336,
  "IN_SEALSIZE": 0.23178607434599932,
  "IN_SEALSIZE_UOM": 0.1718223315984602,
  "MID_SEALTYPE_CD": 0.14926747750214311,
  "MID_SEALSIZE": 0.3139939570080392,
  "MID_SEALSIZE_UOM": 0.07897670129675688,
  "OUT_SEALTYPE_CD": 0.1779625780212256
}