{
  "ITEM_CD": {
    "variance": 0.05699571222066879,
    "independence": 0.9478000604944473,
    "activity_ratio": 1.0,
    "uniformity": -2.902395260815206,
    "non_zero_count": 321305,
    "unique_values": 243922,
    "domain_weight": 0.4
  },
  "PART_TYPE": {
    "variance": 0.07214286178350449,
    "independence": 0.8099663647501216,
    "activity_ratio": 1.0,
    "uniformity": 0.1252027895502833,
    "non_zero_count": 321305,
    "unique_values": 250508,
    "domain_weight": 1.0
  },
  "PartNm": {
    "variance": 0.0730450451374054,
    "independence": 0.9227607174931587,
    "activity_ratio": 1.0,
    "uniformity": 0.033273235092521336,
    "non_zero_count": 321305,
    "unique_values": 251112,
    "domain_weight": 0.4
  },
  "ITEM_SUFFIX": {
    "variance": 0.0689522996544838,
    "independence": 0.8317629962879435,
    "activity_ratio": 1.0,
    "uniformity": -2.449761179730938,
    "non_zero_count": 321305,
    "unique_values": 244085,
    "domain_weight": 0.4
  },
  "ITEM_SPEC": {
    "variance": 0.07332712411880493,
    "independence": 0.8479236855631895,
    "activity_ratio": 1.0,
    "uniformity": 0.1574739708052797,
    "non_zero_count": 321305,
    "unique_values": 249874,
    "domain_weight": 0.4
  },
  "ITEM_NM": {
    "variance": 0.07402987778186798,
    "independence": 0.834189607429155,
    "activity_ratio": 1.0,
    "uniformity": -0.07251327330092283,
    "non_zero_count": 321305,
    "unique_values": 250748,
    "domain_weight": 0.4
  },
  "ADDITIONAL_SPEC": {
    "variance": 0.07443719357252121,
    "independence": 0.9290791123567395,
    "activity_ratio": 1.0,
    "uniformity": 0.23810732414601354,
    "non_zero_count": 321305,
    "unique_values": 250420,
    "domain_weight": 0.4
  },
  "ITEM_MATERIAL": {
    "variance": 0.07409584522247314,
    "independence": 0.7903885363441556,
    "activity_ratio": 1.0,
    "uniformity": -0.12745073636026683,
    "non_zero_count": 321305,
    "unique_values": 249960,
    "domain_weight": 1.0
  },
  "MATERIAL_DESC": {
    "variance": 0.0735401064157486,
    "independence": 0.794722116616864,
    "activity_ratio": 1.0,
    "uniformity": -0.11465679613408541,
    "non_zero_count": 321305,
    "unique_values": 250154,
    "domain_weight": 0.4
  },
  "ITEM_ACCT": {
    "variance": 0.07332359254360199,
    "independence": 0.7957590051359564,
    "activity_ratio": 1.0,
    "uniformity": -0.5034491970477981,
    "non_zero_count": 321305,
    "unique_values": 248130,
    "domain_weight": 0.4
  },
  "ITEM_TYPE": {
    "variance": 0.0689932256937027,
    "independence": 0.9020609213894419,
    "activity_ratio": 1.0,
    "uniformity": -1.700094966277557,
    "non_zero_count": 321305,
    "unique_values": 247400,
    "domain_weight": 1.0
  },
  "ITEM_UNIT": {
    "variance": 0.07369926571846008,
    "independence": 0.7552710434786898,
    "activity_ratio": 1.0,
    "uniformity": -0.9444903278040677,
    "non_zero_count": 321305,
    "unique_values": 246067,
    "domain_weight": 0.4
  },
  "ITEM_GRP1": {
    "variance": 0.07128683477640152,
    "independence": 0.8870887584825754,
    "activity_ratio": 1.0,
    "uniformity": -0.5273660450865449,
    "non_zero_count": 321305,
    "unique_values": 250472,
    "domain_weight": 0.6
  },
  "ITEM_GRP1NM": {
    "variance": 0.07118842005729675,
    "independence": 0.8438753308613783,
    "activity_ratio": 1.0,
    "uniformity": -0.4122475649037285,
    "non_zero_count": 321305,
    "unique_values": 250356,
    "domain_weight": 0.4
  },
  "STANDARD_YN": {
    "variance": 0.05928673595190048,
    "independence": 0.9181620947675041,
    "activity_ratio": 1.0,
    "uniformity": -2.9676555654112446,
    "non_zero_count": 321305,
    "unique_values": 243302,
    "domain_weight": 0.4
  },
  "GROUP1": {
    "variance": 0.07222609221935272,
    "independence": 0.8260882261857642,
    "activity_ratio": 1.0,
    "uniformity": 0.17076114178260116,
    "non_zero_count": 321305,
    "unique_values": 250867,
    "domain_weight": 0.6
  },
  "GROUP2": {
    "variance": 0.07367366552352905,
    "independence": 0.8174398680319863,
    "activity_ratio": 1.0,
    "uniformity": -0.22876091696539613,
    "non_zero_count": 321305,
    "unique_values": 249885,
    "domain_weight": 0.6
  },
  "GROUP3": {
    "variance": 0.02974502369761467,
    "independence": 0.9576752304635588,
    "activity_ratio": 1.0,
    "uniformity": -3.315830558426039,
    "non_zero_count": 321305,
    "unique_values": 241936,
    "domain_weight": 0.4
  },
  "DRAW_NO": {
    "variance": 0.07175049930810928,
    "independence": 0.8641758172241084,
    "activity_ratio": 1.0,
    "uniformity": -0.7686304505088082,
    "non_zero_count": 321305,
    "unique_values": 247531,
    "domain_weight": 0.4
  },
  "DRAW_REV": {
    "variance": 0.07454339414834976,
    "independence": 0.9041313307680976,
    "activity_ratio": 1.0,
    "uniformity": -0.35181767539892994,
    "non_zero_count": 321305,
    "unique_values": 248748,
    "domain_weight": 0.4
  },
  "DRAW_SHEET_NO": {
    "variance": 0.061582788825035095,
    "independence": 0.9400399594160956,
    "activity_ratio": 1.0,
    "uniformity": -1.9967211990698148,
    "non_zero_count": 321305,
    "unique_values": 246945,
    "domain_weight": 0.4
  },
  "DRAW_USE": {
    "variance": 0.07318712770938873,
    "independence": 0.7899139007236569,
    "activity_ratio": 1.0,
    "uniformity": -1.378879417433712,
    "non_zero_count": 321305,
    "unique_values": 247228,
    "domain_weight": 0.4
  },
  "ITEM_NM_ENG": {
    "variance": 0.066038116812706,
    "independence": 0.8048821738145416,
    "activity_ratio": 1.0,
    "uniformity": -2.2097992819940973,
    "non_zero_count": 321305,
    "unique_values": 245007,
    "domain_weight": 0.4
  },
  "OUTDIAMETER": {
    "variance": 0.07128705084323883,
    "independence": 0.8330359116134776,
    "activity_ratio": 1.0,
    "uniformity": -0.02186497689617828,
    "non_zero_count": 321305,
    "unique_values": 250193,
    "domain_weight": 0.8
  },
  "INDIAMETER": {
    "variance": 0.07374316453933716,
    "independence": 0.8274030785295405,
    "activity_ratio": 1.0,
    "uniformity": -0.6006107648229575,
    "non_zero_count": 321305,
    "unique_values": 248170,
    "domain_weight": 0.8
  },
  "OUTTHICKNESS": {
    "variance": 0.01247121300548315,
    "independence": 0.964733388450498,
    "activity_ratio": 1.0,
    "uniformity": -3.358013596997462,
    "non_zero_count": 321305,
    "unique_values": 241726,
    "domain_weight": 0.8
  },
  "OUTDIAMETER_UNIT": {
    "variance": 0.061266589909791946,
    "independence": 0.8696359439597051,
    "activity_ratio": 1.0,
    "uniformity": -2.036949845766123,
    "non_zero_count": 321305,
    "unique_values": 244045,
    "domain_weight": 0.4
  },
  "ROTATE_CLOCKWISE": {
    "variance": 0.061466824263334274,
    "independence": 0.870106464317739,
    "activity_ratio": 1.0,
    "uniformity": -2.700999915964466,
    "non_zero_count": 321305,
    "unique_values": 243528,
    "domain_weight": 0.4
  },
  "ROTATE_CTRCLOCKWISE": {
    "variance": 0.03647630661725998,
    "independence": 0.907968368056182,
    "activity_ratio": 1.0,
    "uniformity": -3.219977202794195,
    "non_zero_count": 321305,
    "unique_values": 242115,
    "domain_weight": 0.4
  },
  "SealTypeGrup": {
    "variance": 0.031742408871650696,
    "independence": 0.9404906711895944,
    "activity_ratio": 1.0,
    "uniformity": -3.220475755329595,
    "non_zero_count": 321305,
    "unique_values": 242186,
    "domain_weight": 1.0
  },
  "IN_SEALTYPE_CD": {
    "variance": 0.05646451190114021,
    "independence": 0.7861979981295927,
    "activity_ratio": 1.0,
    "uniformity": -2.9187275354757647,
    "non_zero_count": 321305,
    "unique_values": 249038,
    "domain_weight": 0.8
  },
  "IN_SEALSIZE": {
    "variance": 0.05027375370264053,
    "independence": 0.8046760636714984,
    "activity_ratio": 1.0,
    "uniformity": -3.1923009820302912,
    "non_zero_count": 321305,
    "unique_values": 248969,